<?xml version="1.0" encoding="UTF-8"?>
<orders xmlns="http://www.demandware.com/xml/impex/order/2006-10-31">
    <order order-no="99999900">
        <order-date>2021-08-10T09:20:56.740Z</order-date>
        <created-by>storefront</created-by>
        <original-order-no>99999900</original-order-no>
        <currency>EUR</currency>
        <customer-locale>en_IE</customer-locale>
        <taxation>gross</taxation>
        <invoice-no>99999900</invoice-no>
        <customer>
            <customer-name>Jane Smith</customer-name>
            <customer-email>valid@email.com</customer-email>
            <billing-address>
                <first-name>Jane</first-name>
                <last-name>Smith</last-name>
                <city>Boston</city>
                <postal-code>12345</postal-code>
                <state-code>BC</state-code>
                <country-code>CA</country-code>
            </billing-address>
        </customer>
        <status>
            <order-status>OPEN</order-status>
            <shipping-status>NOT_SHIPPED</shipping-status>
            <confirmation-status>NOT_CONFIRMED</confirmation-status>
            <payment-status>NOT_PAID</payment-status>
        </status>
        <channel-type>Storefront</channel-type>
        <current-order-no>99999900</current-order-no>
        <product-lineitems>
            <product-lineitem>
                <net-price>83.33</net-price>
                <tax>16.67</tax>
                <gross-price>100.00</gross-price>
                <base-price>100.00</base-price>
                <lineitem-text>PRODUCT OCAPI Simple Product</lineitem-text>
                <tax-basis>100.00</tax-basis>
                <position>1</position>
                <product-id>ocapi-simple-product</product-id>
                <product-name>OCAPI Simple Product</product-name>
                <quantity unit="">1.0</quantity>
                <tax-rate>0.2</tax-rate>
                <shipment-id>99999900</shipment-id>
                <gift>false</gift>
            </product-lineitem>
                        <product-lineitem>
                <net-price>83.33</net-price>
                <tax>16.67</tax>
                <gross-price>100.00</gross-price>
                <base-price>100.00</base-price>
                <lineitem-text>PRODUCT OCAPI Simple Product</lineitem-text>
                <tax-basis>100.00</tax-basis>
                <position>1</position>
                <product-id>ocapi-simple-product</product-id>
                <product-name>OCAPI Simple Product</product-name>
                <quantity unit="">1.0</quantity>
                <tax-rate>0.2</tax-rate>
                <shipment-id>99999900</shipment-id>
                <gift>false</gift>
            </product-lineitem>
            <product-lineitem>
                <net-price>83.33</net-price>
                <tax>16.67</tax>
                <gross-price>100.00</gross-price>
                <base-price>100.00</base-price>
                <lineitem-text>PRODUCT OCAPI Simple Product</lineitem-text>
                <tax-basis>100.00</tax-basis>
                <position>1</position>
                <product-id>ocapi-simple-product</product-id>
                <product-name>OCAPI Simple Product</product-name>
                <quantity unit="">1.0</quantity>
                <tax-rate>0.2</tax-rate>
                <shipment-id>99999900</shipment-id>
                <gift>false</gift>
            </product-lineitem>
        </product-lineitems>
        <shipping-lineitems>
            <shipping-lineitem>
                <net-price>2.50</net-price>
                <tax>0.50</tax>
                <gross-price>3.00</gross-price>
                <base-price>3.00</base-price>
                <lineitem-text>Shipping</lineitem-text>
                <tax-basis>3.00</tax-basis>
                <item-id>STANDARD_SHIPPING</item-id>
                <shipment-id>99999900</shipment-id>
                <tax-rate>0.2</tax-rate>
            </shipping-lineitem>
        </shipping-lineitems>
        <shipments>
            <shipment shipment-id="99999900">
                <status>
                    <shipping-status>NOT_SHIPPED</shipping-status>
                </status>
                <shipping-method>ocapi-shipping</shipping-method>
                <shipping-address>
                    <first-name>John</first-name>
                    <last-name>Smith</last-name>
                    <city>Boston</city>
                    <state-code>AB</state-code>
                    <country-code>IE</country-code>
                </shipping-address>
                <gift>false</gift>
                <totals>
                    <merchandize-total>
                        <net-price>83.33</net-price>
                        <tax>16.67</tax>
                        <gross-price>100.00</gross-price>
                    </merchandize-total>
                    <adjusted-merchandize-total>
                        <net-price>83.33</net-price>
                        <tax>16.67</tax>
                        <gross-price>100.00</gross-price>
                    </adjusted-merchandize-total>
                    <shipping-total>
                        <net-price>2.50</net-price>
                        <tax>0.50</tax>
                        <gross-price>3.00</gross-price>
                    </shipping-total>
                    <adjusted-shipping-total>
                        <net-price>2.50</net-price>
                        <tax>0.50</tax>
                        <gross-price>3.00</gross-price>
                    </adjusted-shipping-total>
                    <shipment-total>
                        <net-price>85.83</net-price>
                        <tax>17.17</tax>
                        <gross-price>103.00</gross-price>
                    </shipment-total>
                </totals>
            </shipment>
        </shipments>
        <totals>
            <merchandize-total>
                <net-price>83.33</net-price>
                <tax>16.67</tax>
                <gross-price>100.00</gross-price>
            </merchandize-total>
            <adjusted-merchandize-total>
                <net-price>83.33</net-price>
                <tax>16.67</tax>
                <gross-price>100.00</gross-price>
            </adjusted-merchandize-total>
            <shipping-total>
                <net-price>2.50</net-price>
                <tax>0.50</tax>
                <gross-price>3.00</gross-price>
            </shipping-total>
            <adjusted-shipping-total>
                <net-price>2.50</net-price>
                <tax>0.50</tax>
                <gross-price>3.00</gross-price>
            </adjusted-shipping-total>
            <order-total>
                <net-price>85.83</net-price>
                <tax>17.17</tax>
                <gross-price>103.00</gross-price>
            </order-total>
        </totals>
        <payments>
            <payment>
                <custom-method>
                    <method-name>Dummy</method-name>
                </custom-method>
                <processor-id>OCAPI_DUMMY</processor-id>
                <transaction-id>1628587257733</transaction-id>
            </payment>
            <payment>
                <custom-method>
                    <method-name>Giftcard</method-name>
                </custom-method>
                <amount>10.00</amount>
                <processor-id>OCAPI_DUMMY</processor-id>
            </payment>
            <payment>
                <custom-method>
                    <method-name>PaySite</method-name>
                </custom-method>
                <amount>1.00</amount>
                <processor-id>OCAPI_DUMMY</processor-id>
            </payment>
        </payments>
    </order>

</orders>
