<?xml version="1.0" encoding="UTF-8"?>
<preferences xmlns="http://www.demandware.com/xml/impex/preferences/2007-03-31">
    <standard-preferences>
        <all-instances>
            <preference preference-id="AccountNumberRetentionDays">30</preference>
            <preference preference-id="AddProductToBasketBehavior">IncrementQuantities</preference>
            <preference preference-id="CouponGeneratorIncludeDashes">true</preference>
            <preference preference-id="CouponGeneratorIncludeVowels">true</preference>
            <preference preference-id="EnableSiteOrderNumbers">false</preference>
            <preference preference-id="IntegrationOrderCenterIncludeSite">true</preference>
            <preference preference-id="SiteCatalog">your-shop-here-navigation-catalog</preference>
            <preference preference-id="SiteCurrencies">EUR:USD</preference>
            <preference preference-id="SiteCustomerList">your-shop-here-customers</preference>
            <preference preference-id="SiteDefaultLocale">en_IE</preference>
            <preference preference-id="SiteInventoryList">your-shop-here-inventory</preference>
            <preference preference-id="SiteLibrary">YourShopHere</preference>
            <preference preference-id="SiteLocales">en_IE:de_DE:en_CA:fr_CA:default</preference>
            <preference preference-id="SitePriceBooks">eur-list-prices:eur-sale-prices:ocapi-pricebook:ocapi-sales-pricebook</preference>
            <preference preference-id="SiteTimezone">Etc/UTC</preference>
            <preference preference-id="StorefrontURLsEnabled">true</preference>
        </all-instances>
        <development>
            <preference preference-id="AvailabilityFiltering">Enabled</preference>
            <preference preference-id="AvailabilityLowRankingThreshold">0.0</preference>
            <preference preference-id="ExternallyPublishProductIndex">false</preference>
            <preference preference-id="IncludePromotionIDInProductIndex">false</preference>
            <preference preference-id="MergedVariationGroupsDisplayMode">false</preference>
            <preference preference-id="PersonalizedSearchRecommendations">Disabled</preference>
            <preference preference-id="RobotsTxtContent"/>
            <preference preference-id="RobotsTxtMode">Cartridge</preference>
            <preference preference-id="SearchAutoCorrection">Disabled</preference>
            <preference preference-id="SearchDictionaryLocaleFallback">Disabled</preference>
            <preference preference-id="SearchFriendlyURLsEnabled">true</preference>
            <preference preference-id="SearchIgnoreLeadingZeros">Disabled</preference>
            <preference preference-id="SearchRedirectKeywordRuleEnabled">Disabled</preference>
            <preference preference-id="SearchSuggestions">Disabled</preference>
        </development>
        <staging>
            <preference preference-id="AvailabilityFiltering">Disabled</preference>
            <preference preference-id="AvailabilityLowRankingThreshold">0.0</preference>
            <preference preference-id="ExternallyPublishProductIndex">false</preference>
            <preference preference-id="IncludePromotionIDInProductIndex">false</preference>
            <preference preference-id="MergedVariationGroupsDisplayMode">false</preference>
            <preference preference-id="PersonalizedSearchRecommendations">Disabled</preference>
            <preference preference-id="RobotsTxtContent"/>
            <preference preference-id="RobotsTxtMode">Cartridge</preference>
            <preference preference-id="SearchAutoCorrection">Disabled</preference>
            <preference preference-id="SearchDictionaryLocaleFallback">Disabled</preference>
            <preference preference-id="SearchFriendlyURLsEnabled">true</preference>
            <preference preference-id="SearchIgnoreLeadingZeros">Disabled</preference>
            <preference preference-id="SearchRedirectKeywordRuleEnabled">Disabled</preference>
            <preference preference-id="SearchSuggestions">Disabled</preference>
        </staging>
        <production>
            <preference preference-id="AvailabilityFiltering">Disabled</preference>
            <preference preference-id="AvailabilityLowRankingThreshold">0.0</preference>
            <preference preference-id="ExternallyPublishProductIndex">false</preference>
            <preference preference-id="IncludePromotionIDInProductIndex">false</preference>
            <preference preference-id="MergedVariationGroupsDisplayMode">false</preference>
            <preference preference-id="PersonalizedSearchRecommendations">Disabled</preference>
            <preference preference-id="RobotsTxtContent"/>
            <preference preference-id="RobotsTxtMode">Cartridge</preference>
            <preference preference-id="SearchAutoCorrection">Disabled</preference>
            <preference preference-id="SearchDictionaryLocaleFallback">Disabled</preference>
            <preference preference-id="SearchFriendlyURLsEnabled">true</preference>
            <preference preference-id="SearchIgnoreLeadingZeros">Disabled</preference>
            <preference preference-id="SearchRedirectKeywordRuleEnabled">Disabled</preference>
            <preference preference-id="SearchSuggestions">Disabled</preference>
        </production>
    </standard-preferences>
    <custom-preferences>
        <all-instances/>
        <development/>
        <staging/>
        <production/>
    </custom-preferences>
</preferences>

