<?xml version="1.0" encoding="UTF-8"?>
<promotions xmlns="http://www.demandware.com/xml/impex/promotion/2008-01-31">
    <campaign campaign-id="20pc-off-for-registered-users">
        <enabled-flag>true</enabled-flag>
        <campaign-scope>
            <applicable-online/>
        </campaign-scope>
        <customer-groups match-mode="any">
            <customer-group group-id="Registered"/>
        </customer-groups>
    </campaign>

    <campaign campaign-id="coupon-campaign">
        <enabled-flag>true</enabled-flag>
        <campaign-scope>
            <applicable-online/>
        </campaign-scope>
        <coupons>
            <coupon coupon-id="coupon-test"/>
        </coupons>
    </campaign>

    <promotion promotion-id="20-pc-off">
        <enabled-flag>true</enabled-flag>
        <archived-flag>false</archived-flag>
        <searchable-flag>false</searchable-flag>
        <refinable-flag>false</refinable-flag>
        <prevent-requalifying-flag>false</prevent-requalifying-flag>
        <prorate-across-eligible-items-flag>false</prorate-across-eligible-items-flag>
        <exclusivity>no</exclusivity>
        <callout-msg xml:lang="x-default">20 off for registered users</callout-msg>
        <product-promotion-rule>
            <discounted-products>
                <included-products>
                    <condition-group>
                        <price-condition operator="greater than">
                            <price>0.01</price>
                        </price-condition>
                    </condition-group>
                </included-products>
            </discounted-products>
            <simple-discount>
                <percentage>20.0</percentage>
            </simple-discount>
        </product-promotion-rule>
    </promotion>

    <promotion-campaign-assignment promotion-id="20-pc-off" campaign-id="20pc-off-for-registered-users">
        <qualifiers match-mode="any">
            <customer-groups/>
            <source-codes/>
            <coupons/>
        </qualifiers>
    </promotion-campaign-assignment>

    <promotion-campaign-assignment promotion-id="20-pc-off" campaign-id="coupon-campaign">
        <qualifiers match-mode="any">
            <customer-groups/>
            <source-codes/>
            <coupons/>
        </qualifiers>
    </promotion-campaign-assignment>

</promotions>
