<?xml version="1.0" encoding="UTF-8"?>
<tax xmlns="http://www.demandware.com/xml/impex/tax/2007-02-14">
    <tax-classes>
        <tax-class class-id="standard" default="true">
            <display-name>Standard</display-name>
            <description>Standard tax class used if no specific tax class is set for a taxable product or service.</description>
        </tax-class>

    </tax-classes>
    <tax-jurisdictions>
        <tax-jurisdiction jurisdiction-id="Default" default="true">
            <display-name>Default</display-name>
        </tax-jurisdiction>

    </tax-jurisdictions>
    <tax-rates>
        <tax-rate jurisdiction-id="Default" class-id="standard">0.2</tax-rate>

    </tax-rates>
</tax>
