<?xml version="1.0" encoding="UTF-8"?>
<customer-list xmlns="http://www.demandware.com/xml/impex/customer/2006-10-31" list-id="your-shop-here-customers">
    <header>
        <customerno-sequence-enabled>false</customerno-sequence-enabled>
        <customer-lockout-enabled>true</customer-lockout-enabled>
        <max-failed-logins>10</max-failed-logins>
        <lockout-effective-period>30</lockout-effective-period>
        <customer-login-attempt-reset-time>30</customer-login-attempt-reset-time>
        <min-password-length>8</min-password-length>
        <min-password-special-chars>1</min-password-special-chars>
        <force-password-contains-alpha>true</force-password-contains-alpha>
        <force-password-contains-numeric>true</force-password-contains-numeric>
        <force-password-mixed-case>true</force-password-mixed-case>
        <max-password-age>365000</max-password-age>
        <max-password-reset-token-age>30</max-password-reset-token-age>
    </header>

    <customer customer-no="00000001">
        <credentials>
            <login>passwordreset@yopmail.com</login>
            <password encrypted="true" encryptionScheme="scrypt">$s0$b0401$s5lThCi6uq9GI8Y7Cpi38A==$rDecLp3dwwvy4zASN/CP+VDqOcc+AacCo41dr/KK290=</password>
            <enabled-flag>true</enabled-flag>
            <password-question/>
            <password-answer/>
        </credentials>
        <profile>
            <salutation/>
            <title/>
            <first-name>Testuser</first-name>
            <second-name/>
            <last-name>Testuser</last-name>
            <suffix/>
            <company-name/>
            <job-title/>
            <email>passwordreset@yopmail.com</email>
            <phone-home/>
            <phone-business/>
            <phone-mobile/>
            <fax/>
            <creation-date>2021-08-05T05:45:40.000Z</creation-date>
            <preferred-locale/>
        </profile>
        <note/>
    </customer>

    <customer customer-no="00000002">
        <credentials>
            <login>scapicustomer@yopmail.com</login>
            <password encrypted="true" encryptionScheme="scrypt">$s0$b0401$s5lThCi6uq9GI8Y7Cpi38A==$rDecLp3dwwvy4zASN/CP+VDqOcc+AacCo41dr/KK290=</password>
            <enabled-flag>true</enabled-flag>
            <password-question/>
            <password-answer/>
        </credentials>
        <profile>
            <salutation/>
            <title/>
            <first-name>Two</first-name>
            <second-name/>
            <last-name>Two</last-name>
            <suffix/>
            <company-name/>
            <job-title/>
            <email>scapicustomer@yopmail.com</email>
            <phone-home/>
            <phone-business/>
            <phone-mobile/>
            <fax/>
            <creation-date>2021-08-05T05:45:40.000Z</creation-date>
            <preferred-locale/>
        </profile>
        <note/>
    </customer>

</customer-list>
